{"cameraMode":{"drawMode":0,"name":"Shaded","section":"Shading Mode"},"sceneLighting":false,"audioPlay":false,"sceneViewState":{"m_AlwaysRefresh":false,"showFog":true,"showSkybox":false,"showFlares":true,"showImageEffects":true,"showParticleSystems":true,"showVisualEffectGraphs":true,"m_FxEnabled":true},"in2DMode":false,"pivot":{"x":2.1168406009674074,"y":-0.1172054186463356,"z":-0.09092048555612564},"rotation":{"x":0.15081971883773805,"y":0.7114707827568054,"z":-0.16082458198070527,"w":0.6672050952911377},"size":5.649753570556641,"orthographic":false}