{"cameraMode":{"drawMode":0,"name":"Shaded","section":"Shading Mode"},"sceneLighting":false,"audioPlay":false,"sceneViewState":{"m_AlwaysRefresh":false,"showFog":true,"showSkybox":false,"showFlares":true,"showImageEffects":true,"showParticleSystems":true,"showVisualEffectGraphs":true,"m_FxEnabled":true},"in2DMode":false,"pivot":{"x":0.7056124806404114,"y":1.0569629669189454,"z":7.134221076965332},"rotation":{"x":0.4377962350845337,"y":0.36346617341041567,"z":-0.19945932924747468,"w":0.7977756261825562},"size":15.792211532592774,"orthographic":false}