{"cameraMode":{"drawMode":0,"name":"Shaded","section":"Shading Mode"},"sceneLighting":false,"audioPlay":false,"sceneViewState":{"m_AlwaysRefresh":false,"showFog":true,"showSkybox":false,"showFlares":true,"showImageEffects":true,"showParticleSystems":true,"showVisualEffectGraphs":true,"m_FxEnabled":true},"in2DMode":false,"pivot":{"x":0.03289365768432617,"y":0.14592909812927247,"z":0.18003779649734498},"rotation":{"x":0.11661232262849808,"y":0.8013066649436951,"z":-0.16603156924247743,"w":0.5627975463867188},"size":0.8660253882408142,"orthographic":false}